feedback_id,timestamp,username,review,topic,sentiment,emotion,rating,course
1,2-24-2023 00:00,hayden_davis71,I finally understand Python Basics thanks to this course. The instructor's Python style is impeccable.,Python Basics,positive,hope,5,Complete Python Programming Bootcamp
2,8-17-2023 00:00,dakota_williams20,"The Object-Oriented Programming material had me hitting Stack Overflow constantly. Too much time spent on basic syntax, not enough on applications.",Object-Oriented Programming,negative,frustration,1,Complete Python Programming Bootcamp
3,1-11-2023 00:00,elliott_garcia11,The Object-Oriented Programming module was worth the price of the course alone. The Jupyter notebook exercises were incredibly helpful.,Object-Oriented Programming,positive,excitement,5,Complete Python Programming Bootcamp
4,6-6-2023 00:00,skyler_moore59,excellent python basics coverage! the project-based approach really cemented my learning.,Python Basics,positive,satisfaction,5,Complete Python Programming Bootcamp
5,6-29-2023 00:00,morgan_rodriguez32,The Functions module was worth the price of the course alone. The code examples were clean and PEP-8 compliant.!!,Functions,positive,excitement,4,Complete Python Programming Bootcamp
6,1-21-2023 00:00,riley_miller12,python basics was satisfactory. i expected more advanced applications of the concepts....,Python Basics,neutral,uncertainty,3,Complete Python Programming Bootcamp
7,4-24-2023 00:00,rowan_johnson31,The Functions module was worth the price of the course alone. The code examples were clean and PEP-8 compliant. The code examples were clean and PEP-8 compliant.,Functions,positive,hope,5,Complete Python Programming Bootcamp
8,7-5-2023 00:00,morgan_lopez79,Excellent NumPy coverage! I've already automated tasks at work using these techniques.,NumPy,positive,gratitude,5,Complete Python Programming Bootcamp
9,11-21-2023 00:00,hayden_williams29,The List Comprehensions module was worth the price of the course alone. The code examples were clean and PEP-8 compliant.,List Comprehensions,positive,pride,5,Complete Python Programming Bootcamp
10,4-20-2023 00:00,skyler_johnson23,The NumPy material had me hitting Stack Overflow constantly. The examples used outdated Python 2.x practices. The Jupyter notebooks had broken cells that wouldn't run.,NumPy,negative,disappointment,1,Complete Python Programming Bootcamp
11,7-20-2023 00:00,finley_wilson87,excellent object-oriented programming coverage! the oop analogies made abstract concepts concrete.,Object-Oriented Programming,positive,excitement,3,Complete Python Programming Bootcamp
12,10-6-2023 00:00,riley_moore46,Poor Functions section. The examples used outdated Python 2.x practices.,Functions,negative,anger,2,Complete Python Programming Bootcamp
13,6-15-2023 00:00,rowan_hernandez75,Poor Pandas section. The instructor's coding style violated PEP-8 guidelines.,Pandas,negative,anger,1,Complete Python Programming Bootcamp
14,6-4-2023 00:00,riley_hernandez53,The Python Basics section was Pythonic perfection! I loved how they used real-world datasets for Pandas examples.,Python Basics,positive,satisfaction,5,Complete Python Programming Bootcamp
15,6-29-2023 00:00,avery_jones89,The Error Handling lectures were disorganized and frustrating. The examples used outdated Python 2.x practices.,Error Handling,negative,frustration,1,Complete Python Programming Bootcamp
16,7-14-2023 00:00,elliott_hernandez53,decorators was taught competently but without inspiration. i expected more advanced applications of the concepts. the course covered the basics but didn't go deep enough.,Decorators,neutral,indifference,3,Complete Python Programming Bootcamp
17,7-21-2023 00:00,taylor_hernandez85,I expected better explanations for Error Handling. The instructor's coding style violated PEP-8 guidelines....,Error Handling,negative,frustration,1,Complete Python Programming Bootcamp
18,11-17-2023 00:00,quinn_anderson84,The Object-Oriented Programming lectures were disorganized and frustrating. The instructor's coding style violated PEP-8 guidelines.,Object-Oriented Programming,negative,boredom,1,Complete Python Programming Bootcamp
19,2-14-2023 00:00,alex_martin99,Excellent Functions coverage! The code examples were clean and PEP-8 compliant.,Functions,positive,excitement,5,Complete Python Programming Bootcamp
20,11-25-2023 00:00,skyler_miller31,The NumPy material had me hitting Stack Overflow constantly. The web scraping module used deprecated libraries.!!,NumPy,negative,disappointment,1,Complete Python Programming Bootcamp
21,10-19-2023 00:00,peyton_martin71,excellent web scraping coverage! the oop analogies made abstract concepts concrete.,Web Scraping,positive,satisfaction,4,Complete Python Programming Bootcamp
22,6-6-2023 00:00,river_jackson42,"Poor Decorators section. Too much time spent on basic syntax, not enough on applications.",Decorators,negative,anger,2,Complete Python Programming Bootcamp
23,12-16-2023 00:00,dakota_martinez26,The Error Handling section was Pythonic perfection! The OOP analogies made abstract concepts concrete.,Error Handling,positive,hope,5,Complete Python Programming Bootcamp
24,12-15-2023 00:00,riley_thomas39,Poor Python Basics section. The instructor's coding style violated PEP-8 guidelines.,Python Basics,negative,disappointment,1,Complete Python Programming Bootcamp
25,10-4-2023 00:00,jordan_garcia77,"For a Python course, the Modules & Packages section was surprisingly weak. The error handling examples didn't cover common real-world cases. The pandas section assumed too much prior knowledge.",Modules & Packages,negative,frustration,2,Complete Python Programming Bootcamp
26,2-13-2023 00:00,riley_hernandez74,Functions was taught competently but without inspiration. The content was good but the exercises were too simplistic.,Functions,neutral,indifference,3,Complete Python Programming Bootcamp
27,3-20-2023 00:00,rowan_hernandez75,excellent file handling coverage! the oop analogies made abstract concepts concrete.,File Handling,positive,hope,5,Complete Python Programming Bootcamp
28,5-18-2023 00:00,river_gonzalez90,Poor List Comprehensions section. The error handling examples didn't cover common real-world cases.,List Comprehensions,negative,anger,1,Complete Python Programming Bootcamp
29,8-8-2023 00:00,jamie_anderson18,The List Comprehensions module was worth the price of the course alone. The Jupyter notebook exercises were incredibly helpful.,List Comprehensions,positive,pride,5,Complete Python Programming Bootcamp
30,3-29-2023 00:00,emery_wilson11,Excellent Functions coverage! The Jupyter notebook exercises were incredibly helpful.,Functions,positive,hope,5,Complete Python Programming Bootcamp
31,5-11-2023 00:00,hayden_martin89,I finally understand Object-Oriented Programming thanks to this course. The instructor's Python style is impeccable.,Object-Oriented Programming,positive,pride,4,Complete Python Programming Bootcamp
32,1-22-2023 00:00,peyton_brown10,excellent object-oriented programming coverage! i loved how they used real-world datasets for pandas examples.,Object-Oriented Programming,positive,gratitude,5,Complete Python Programming Bootcamp
33,8-29-2023 00:00,riley_moore46,"After struggling with Object-Oriented Programming for weeks, these lessons made it click. The instructor's Python style is impeccable.",Object-Oriented Programming,positive,gratitude,5,Complete Python Programming Bootcamp
34,9-8-2023 00:00,dakota_hernandez22,The Generators section was Pythonic perfection! I loved how they used real-world datasets for Pandas examples.!!,Generators,positive,excitement,4,Complete Python Programming Bootcamp
35,11-9-2023 00:00,elliott_jackson76,excellent file handling coverage! the code examples were clean and pep-8 compliant.,File Handling,positive,gratitude,5,Complete Python Programming Bootcamp
36,4-17-2023 00:00,riley_martinez96,excellent object-oriented programming coverage! the project-based approach really cemented my learning.,Object-Oriented Programming,positive,satisfaction,3,Complete Python Programming Bootcamp
37,6-27-2023 00:00,morgan_lopez67,"after struggling with python basics for weeks, these lessons made it click. the code examples were clean and pep-8 compliant. the jupyter notebook exercises were incredibly helpful.",Python Basics,positive,excitement,5,Complete Python Programming Bootcamp
38,6-5-2023 00:00,emery_rodriguez96,Excellent Pandas coverage! The code examples were clean and PEP-8 compliant.,Pandas,positive,satisfaction,5,Complete Python Programming Bootcamp
39,12-14-2023 00:00,hayden_jackson93,Poor File Handling section. The examples used outdated Python 2.x practices.,File Handling,negative,boredom,1,Complete Python Programming Bootcamp
40,8-11-2023 00:00,rowan_jackson23,I finally understand Web Scraping thanks to this course. The OOP analogies made abstract concepts concrete.,Web Scraping,positive,gratitude,4,Complete Python Programming Bootcamp
41,9-20-2023 00:00,morgan_williams96,object-oriented programming was satisfactory. i expected more advanced applications of the concepts.,Object-Oriented Programming,neutral,indifference,3,Complete Python Programming Bootcamp
42,4-30-2023 00:00,morgan_lopez79,The Error Handling module was worth the price of the course alone. I've already automated tasks at work using these techniques.,Error Handling,positive,pride,4,Complete Python Programming Bootcamp
43,7-21-2023 00:00,peyton_smith69,The Modules & Packages lectures were disorganized and frustrating. The instructor's coding style violated PEP-8 guidelines.,Modules & Packages,negative,frustration,2,Complete Python Programming Bootcamp
44,1-20-2023 00:00,hayden_williams29,List Comprehensions was explained with such clarity. The code examples were clean and PEP-8 compliant....,List Comprehensions,positive,gratitude,4,Complete Python Programming Bootcamp
45,10-10-2023 00:00,skyler_hernandez18,"After struggling with Decorators for weeks, these lessons made it click. I've already automated tasks at work using these techniques. I've already automated tasks at work using these techniques.",Decorators,positive,hope,5,Complete Python Programming Bootcamp
46,1-29-2023 00:00,rowan_anderson64,The Object-Oriented Programming module was worth the price of the course alone. The code examples were clean and PEP-8 compliant.,Object-Oriented Programming,positive,pride,5,Complete Python Programming Bootcamp
47,12-12-2023 00:00,finley_miller85,excellent numpy coverage! the oop analogies made abstract concepts concrete.,NumPy,positive,satisfaction,5,Complete Python Programming Bootcamp
49,12-24-2023 00:00,hayden_moore99,Poor Error Handling section. The error handling examples didn't cover common real-world cases.,Error Handling,negative,boredom,1,Complete Python Programming Bootcamp
50,5-8-2023 00:00,taylor_gonzalez85,The Python Basics module was worth the price of the course alone. The instructor's Python style is impeccable. The code examples were clean and PEP-8 compliant.,Python Basics,positive,hope,4,Complete Python Programming Bootcamp
51,7-1-2023 00:00,morgan_smith38,The Modules & Packages section was adequate but not exceptional. The content was good but the exercises were too simplistic. The pacing was inconsistent between beginner and advanced topics.,Modules & Packages,neutral,balance,3,Complete Python Programming Bootcamp
52,4-6-2023 00:00,charlie_williams28,Excellent Python Basics coverage! I loved how they used real-world datasets for Pandas examples.,Python Basics,positive,excitement,5,Complete Python Programming Bootcamp
53,4-24-2023 00:00,morgan_garcia41,Poor Web Scraping section. The instructor's coding style violated PEP-8 guidelines.,Web Scraping,negative,disappointment,1,Complete Python Programming Bootcamp
54,5-10-2023 00:00,finley_jackson69,I have mixed feelings about the Object-Oriented Programming coverage. Some modules were great while others needed improvement.,Object-Oriented Programming,neutral,reservation,3,Complete Python Programming Bootcamp
55,9-1-2023 00:00,dakota_thomas68,poor functions section. the pandas section assumed too much prior knowledge.,Functions,negative,anger,2,Complete Python Programming Bootcamp
56,12-16-2023 00:00,hayden_jackson93,Excellent List Comprehensions coverage! The instructor's Python style is impeccable.,List Comprehensions,positive,hope,4,Complete Python Programming Bootcamp
57,8-7-2023 00:00,quinn_thomas47,"After struggling with Error Handling for weeks, these lessons made it click. The instructor's Python style is impeccable.",Error Handling,positive,gratitude,5,Complete Python Programming Bootcamp
58,7-21-2023 00:00,rowan_martin20,poor file handling section. the web scraping module used deprecated libraries.!!,File Handling,negative,boredom,2,Complete Python Programming Bootcamp
59,5-10-2023 00:00,skyler_wilson89,Excellent File Handling coverage! I loved how they used real-world datasets for Pandas examples.,File Handling,positive,excitement,5,Complete Python Programming Bootcamp
60,12-26-2023 00:00,morgan_williams96,Excellent Python Basics coverage! I've already automated tasks at work using these techniques.,Python Basics,positive,pride,4,Complete Python Programming Bootcamp
61,2-16-2023 00:00,riley_martinez96,excellent file handling coverage! the instructor's python style is impeccable.,File Handling,positive,pride,5,Complete Python Programming Bootcamp
62,11-6-2023 00:00,elliott_garcia69,The File Handling module was worth the price of the course alone. I loved how they used real-world datasets for Pandas examples. The project-based approach really cemented my learning.,File Handling,positive,hope,5,Complete Python Programming Bootcamp
63,3-31-2023 00:00,alex_gonzalez75,Poor Modules & Packages section. The pandas section assumed too much prior knowledge.,Modules & Packages,negative,boredom,1,Complete Python Programming Bootcamp
64,12-27-2023 00:00,elliott_rodriguez94,Excellent Error Handling coverage! I loved how they used real-world datasets for Pandas examples.,Error Handling,positive,pride,4,Complete Python Programming Bootcamp
65,10-14-2023 00:00,quinn_lopez86,Poor Modules & Packages section. The instructor's coding style violated PEP-8 guidelines....,Modules & Packages,negative,disappointment,2,Complete Python Programming Bootcamp
66,5-10-2023 00:00,morgan_lopez67,The Decorators lectures were disorganized and frustrating. The instructor's coding style violated PEP-8 guidelines. The error handling examples didn't cover common real-world cases.,Decorators,negative,disappointment,1,Complete Python Programming Bootcamp
67,2-25-2023 00:00,morgan_martinez70,The Modules & Packages module was worth the price of the course alone. The project-based approach really cemented my learning.,Modules & Packages,positive,gratitude,5,Complete Python Programming Bootcamp
68,11-30-2023 00:00,dakota_moore29,I expected better explanations for Python Basics. The web scraping module used deprecated libraries.,Python Basics,negative,boredom,1,Complete Python Programming Bootcamp
69,6-18-2023 00:00,jordan_martinez17,"poor object-oriented programming section. too much time spent on basic syntax, not enough on applications.!!",Object-Oriented Programming,negative,disappointment,1,Complete Python Programming Bootcamp
70,4-30-2023 00:00,skyler_moore59,The NumPy coverage was unpythonic and confusing. The Jupyter notebooks had broken cells that wouldn't run.!!,NumPy,negative,confusion,1,Complete Python Programming Bootcamp
71,6-7-2023 00:00,rowan_martinez74,Excellent Python Basics coverage! The project-based approach really cemented my learning.,Python Basics,positive,satisfaction,5,Complete Python Programming Bootcamp
72,5-31-2023 00:00,riley_moore46,I finally understand File Handling thanks to this course. I've already automated tasks at work using these techniques.,File Handling,positive,excitement,5,Complete Python Programming Bootcamp
73,6-18-2023 00:00,elliott_hernandez53,the error handling module was worth the price of the course alone. the code examples were clean and pep-8 compliant.,Error Handling,positive,pride,5,Complete Python Programming Bootcamp
74,1-12-2023 00:00,casey_anderson77,The Modules & Packages section was Pythonic perfection! I loved how they used real-world datasets for Pandas examples.,Modules & Packages,positive,excitement,5,Complete Python Programming Bootcamp
75,6-18-2023 00:00,riley_thomas39,Python Basics was explained with such clarity. The project-based approach really cemented my learning. The code examples were clean and PEP-8 compliant.,Python Basics,positive,gratitude,5,Complete Python Programming Bootcamp
76,5-31-2023 00:00,hayden_brown10,Object-Oriented Programming was explained with such clarity. The Jupyter notebook exercises were incredibly helpful.,Object-Oriented Programming,positive,satisfaction,4,Complete Python Programming Bootcamp
77,5-2-2023 00:00,taylor_martin41,The Object-Oriented Programming material had me hitting Stack Overflow constantly. The web scraping module used deprecated libraries.,Object-Oriented Programming,negative,anger,2,Complete Python Programming Bootcamp
78,11-19-2023 00:00,river_jackson42,Excellent File Handling coverage! The OOP analogies made abstract concepts concrete.,File Handling,positive,gratitude,5,Complete Python Programming Bootcamp
80,4-11-2023 00:00,hayden_taylor56,Excellent Generators coverage! The project-based approach really cemented my learning.,Generators,positive,gratitude,5,Complete Python Programming Bootcamp
81,4-17-2023 00:00,rowan_smith50,I finally understand Error Handling thanks to this course. The Jupyter notebook exercises were incredibly helpful.,Error Handling,positive,hope,5,Complete Python Programming Bootcamp
82,9-3-2023 00:00,river_hernandez56,Poor Decorators section. The error handling examples didn't cover common real-world cases.,Decorators,negative,boredom,1,Complete Python Programming Bootcamp
83,8-5-2023 00:00,skyler_jones38,"I expected better explanations for List Comprehensions. Too much time spent on basic syntax, not enough on applications.",List Comprehensions,negative,frustration,1,Complete Python Programming Bootcamp
85,2-15-2023 00:00,charlie_wilson16,I finally understand Functions thanks to this course. The OOP analogies made abstract concepts concrete. The instructor's Python style is impeccable....,Functions,positive,excitement,5,Complete Python Programming Bootcamp
86,5-5-2023 00:00,finley_jackson94,"after struggling with numpy for weeks, these lessons made it click. the jupyter notebook exercises were incredibly helpful.",NumPy,positive,hope,5,Complete Python Programming Bootcamp
87,2-26-2023 00:00,morgan_lopez79,"For a Python course, the Object-Oriented Programming section was surprisingly weak. The web scraping module used deprecated libraries.",Object-Oriented Programming,negative,disappointment,2,Complete Python Programming Bootcamp
88,1-17-2023 00:00,charlie_jones60,The Modules & Packages section was adequate but not exceptional. The pacing was inconsistent between beginner and advanced topics.,Modules & Packages,neutral,indifference,3,Complete Python Programming Bootcamp
89,3-29-2023 00:00,peyton_rodriguez72,Python Basics was taught competently but without inspiration. The pacing was inconsistent between beginner and advanced topics. The pacing was inconsistent between beginner and advanced topics.,Python Basics,neutral,balance,3,Complete Python Programming Bootcamp
90,2-24-2023 00:00,riley_rodriguez73,I expected better explanations for Python Basics. The error handling examples didn't cover common real-world cases.,Python Basics,negative,confusion,1,Complete Python Programming Bootcamp
91,6-20-2023 00:00,finley_brown94,Functions was satisfactory. The pacing was inconsistent between beginner and advanced topics.,Functions,neutral,uncertainty,3,Complete Python Programming Bootcamp
92,1-23-2023 00:00,alex_brown31,The Decorators section was Pythonic perfection! I loved how they used real-world datasets for Pandas examples.,Decorators,positive,satisfaction,4,Complete Python Programming Bootcamp
93,11-20-2023 00:00,charlie_wilson60,excellent object-oriented programming coverage! the code examples were clean and pep-8 compliant.,Object-Oriented Programming,positive,hope,5,Complete Python Programming Bootcamp
94,10-23-2023 00:00,river_hernandez56,"After struggling with Matplotlib for weeks, these lessons made it click. The code examples were clean and PEP-8 compliant.",Matplotlib,positive,hope,4,Complete Python Programming Bootcamp
95,12-16-2023 00:00,peyton_brown10,excellent modules & packages coverage! the jupyter notebook exercises were incredibly helpful.,Modules & Packages,positive,hope,5,Complete Python Programming Bootcamp
96,9-23-2023 00:00,avery_thomas59,poor generators section. the jupyter notebooks had broken cells that wouldn't run.,Generators,negative,anger,1,Complete Python Programming Bootcamp
97,8-23-2023 00:00,dakota_rodriguez39,Excellent Error Handling coverage! The OOP analogies made abstract concepts concrete.,Error Handling,positive,satisfaction,4,Complete Python Programming Bootcamp
98,10-22-2023 00:00,emerson_martinez44,I finally understand Object-Oriented Programming thanks to this course. The OOP analogies made abstract concepts concrete.,Object-Oriented Programming,positive,excitement,4,Complete Python Programming Bootcamp
99,7-16-2023 00:00,hayden_jackson93,Object-Oriented Programming was satisfactory. Good foundation but needs more practical applications.,Object-Oriented Programming,neutral,reservation,3,Complete Python Programming Bootcamp
100,9-17-2023 00:00,charlie_hernandez37,"Poor Modules & Packages section. Too much time spent on basic syntax, not enough on applications.",Modules & Packages,negative,boredom,1,Complete Python Programming Bootcamp
101,3-31-2023 00:00,finley_wilson92,excellent functions coverage! i loved how they used real-world datasets for pandas examples.,Functions,positive,satisfaction,5,Complete Python Programming Bootcamp
103,9-25-2023 00:00,jordan_smith42,I expected better explanations for Object-Oriented Programming. The web scraping module used deprecated libraries.,Object-Oriented Programming,negative,frustration,2,Complete Python Programming Bootcamp
104,11-5-2023 00:00,rowan_jackson23,Poor NumPy section. The Jupyter notebooks had broken cells that wouldn't run.,NumPy,negative,boredom,1,Complete Python Programming Bootcamp
105,4-7-2023 00:00,finley_jackson69,Excellent Modules & Packages coverage! The Jupyter notebook exercises were incredibly helpful.,Modules & Packages,positive,pride,4,Complete Python Programming Bootcamp
106,12-20-2023 00:00,river_wilson88,"Poor Generators section. Too much time spent on basic syntax, not enough on applications.",Generators,negative,disappointment,1,Complete Python Programming Bootcamp
107,1-10-2023 00:00,dakota_hernandez22,The Web Scraping section met basic expectations. The pacing was inconsistent between beginner and advanced topics.,Web Scraping,neutral,balance,3,Complete Python Programming Bootcamp
108,10-12-2023 00:00,river_gonzalez66,Excellent Python Basics coverage! The instructor's Python style is impeccable.,Python Basics,positive,satisfaction,5,Complete Python Programming Bootcamp
109,3-4-2023 00:00,elliott_martinez87,Decorators was explained with such clarity. The code examples were clean and PEP-8 compliant.!!,Decorators,positive,excitement,4,Complete Python Programming Bootcamp
110,10-8-2023 00:00,emerson_miller41,excellent numpy coverage! i loved how they used real-world datasets for pandas examples.,NumPy,positive,satisfaction,5,Complete Python Programming Bootcamp
111,7-9-2023 00:00,jordan_brown63,Excellent Matplotlib coverage! I loved how they used real-world datasets for Pandas examples.,Matplotlib,positive,hope,5,Complete Python Programming Bootcamp
112,9-12-2023 00:00,charlie_taylor27,Python Basics was taught competently but without inspiration. Good foundation but needs more practical applications.,Python Basics,neutral,balance,3,Complete Python Programming Bootcamp
113,10-30-2023 00:00,emerson_lopez20,I expected better explanations for File Handling. The examples used outdated Python 2.x practices.,File Handling,negative,confusion,1,Complete Python Programming Bootcamp
114,12-20-2023 00:00,hayden_thomas99,The NumPy module was worth the price of the course alone. The instructor's Python style is impeccable. The OOP analogies made abstract concepts concrete....,NumPy,positive,pride,5,Complete Python Programming Bootcamp
115,6-18-2023 00:00,alex_martinez84,Excellent Web Scraping coverage! The instructor's Python style is impeccable.,Web Scraping,positive,gratitude,4,Complete Python Programming Bootcamp
116,2-8-2023 00:00,quinn_brown60,"The Web Scraping material had me hitting Stack Overflow constantly. Too much time spent on basic syntax, not enough on applications. The web scraping module used deprecated libraries.",Web Scraping,negative,disappointment,1,Complete Python Programming Bootcamp
117,5-10-2023 00:00,dakota_hernandez29,"After struggling with Python Basics for weeks, these lessons made it click. I've already automated tasks at work using these techniques.",Python Basics,positive,satisfaction,5,Complete Python Programming Bootcamp
118,2-28-2023 00:00,hayden_brown10,Object-Oriented Programming was satisfactory. I expected more advanced applications of the concepts.,Object-Oriented Programming,neutral,reservation,3,Complete Python Programming Bootcamp
119,4-28-2023 00:00,river_lopez11,Poor Object-Oriented Programming section. The error handling examples didn't cover common real-world cases.,Object-Oriented Programming,negative,anger,2,Complete Python Programming Bootcamp
121,3-5-2023 00:00,skyler_garcia80,Excellent File Handling coverage! The OOP analogies made abstract concepts concrete....,File Handling,positive,excitement,5,Complete Python Programming Bootcamp
122,12-4-2023 00:00,alex_rodriguez50,Excellent Object-Oriented Programming coverage! The OOP analogies made abstract concepts concrete.,Object-Oriented Programming,positive,pride,4,Complete Python Programming Bootcamp
123,7-19-2023 00:00,dakota_brown26,"I expected better explanations for Functions. Too much time spent on basic syntax, not enough on applications. The examples used outdated Python 2.x practices.",Functions,negative,anger,1,Complete Python Programming Bootcamp
124,12-25-2023 00:00,alex_gonzalez75,the generators module was worth the price of the course alone. i loved how they used real-world datasets for pandas examples. i've already automated tasks at work using these techniques.,Generators,positive,satisfaction,3,Complete Python Programming Bootcamp
125,7-14-2023 00:00,elliott_hernandez53,excellent modules & packages coverage! the project-based approach really cemented my learning.,Modules & Packages,positive,hope,5,Complete Python Programming Bootcamp
126,6-19-2023 00:00,dakota_lopez62,The Python Basics section was Pythonic perfection! The instructor's Python style is impeccable. The Jupyter notebook exercises were incredibly helpful.,Python Basics,positive,pride,5,Complete Python Programming Bootcamp
127,10-8-2023 00:00,morgan_martinez97,The Python Basics module was worth the price of the course alone. The code examples were clean and PEP-8 compliant. I've already automated tasks at work using these techniques.,Python Basics,positive,satisfaction,5,Complete Python Programming Bootcamp
129,4-27-2023 00:00,emerson_thomas31,Web Scraping was explained with such clarity. The instructor's Python style is impeccable.,Web Scraping,positive,satisfaction,4,Complete Python Programming Bootcamp
130,8-7-2023 00:00,charlie_williams28,The List Comprehensions section was Pythonic perfection! The OOP analogies made abstract concepts concrete.,List Comprehensions,positive,gratitude,5,Complete Python Programming Bootcamp
131,7-4-2023 00:00,elliott_garcia69,The Object-Oriented Programming module was worth the price of the course alone. I loved how they used real-world datasets for Pandas examples.,Object-Oriented Programming,positive,gratitude,4,Complete Python Programming Bootcamp
133,3-22-2023 00:00,dakota_brown26,File Handling was satisfactory. I expected more advanced applications of the concepts.,File Handling,neutral,reservation,3,Complete Python Programming Bootcamp
134,4-5-2023 00:00,jordan_johnson65,Excellent Object-Oriented Programming coverage! The project-based approach really cemented my learning.,Object-Oriented Programming,positive,satisfaction,4,Complete Python Programming Bootcamp
135,4-26-2023 00:00,charlie_williams28,excellent object-oriented programming coverage! i loved how they used real-world datasets for pandas examples....,Object-Oriented Programming,positive,satisfaction,5,Complete Python Programming Bootcamp
136,2-18-2023 00:00,quinn_thomas47,I finally understand NumPy thanks to this course. The project-based approach really cemented my learning.,NumPy,positive,excitement,4,Complete Python Programming Bootcamp
137,9-4-2023 00:00,river_anderson48,Poor List Comprehensions section. The web scraping module used deprecated libraries....,List Comprehensions,negative,disappointment,1,Complete Python Programming Bootcamp
138,7-14-2023 00:00,emerson_lopez20,Poor Decorators section. The pandas section assumed too much prior knowledge.,Decorators,negative,frustration,1,Complete Python Programming Bootcamp
139,12-4-2023 00:00,hayden_brown13,"After struggling with Error Handling for weeks, these lessons made it click. The code examples were clean and PEP-8 compliant.",Error Handling,positive,excitement,5,Complete Python Programming Bootcamp
140,12-26-2023 00:00,river_hernandez56,i finally understand functions thanks to this course. the oop analogies made abstract concepts concrete. the code examples were clean and pep-8 compliant.,Functions,positive,pride,4,Complete Python Programming Bootcamp
141,11-21-2023 00:00,dakota_hernandez29,Excellent Generators coverage! I've already automated tasks at work using these techniques.,Generators,positive,hope,4,Complete Python Programming Bootcamp
142,4-16-2023 00:00,jordan_garcia77,Excellent Decorators coverage! I've already automated tasks at work using these techniques.,Decorators,positive,excitement,4,Complete Python Programming Bootcamp
143,4-29-2023 00:00,quinn_hernandez87,the numpy section met basic expectations. good foundation but needs more practical applications. the content was good but the exercises were too simplistic.,NumPy,neutral,balance,3,Complete Python Programming Bootcamp
144,7-25-2023 00:00,casey_jones54,"Poor Web Scraping section. Too much time spent on basic syntax, not enough on applications.",Web Scraping,negative,confusion,1,Complete Python Programming Bootcamp
145,2-9-2023 00:00,casey_jones54,the object-oriented programming section was pythonic perfection! the oop analogies made abstract concepts concrete. the instructor's python style is impeccable.,Object-Oriented Programming,positive,hope,4,Complete Python Programming Bootcamp
146,4-9-2023 00:00,emery_williams10,The Generators section was adequate but not exceptional. Good foundation but needs more practical applications.!!,Generators,neutral,balance,3,Complete Python Programming Bootcamp
147,4-17-2023 00:00,emery_hernandez22,I finally understand Functions thanks to this course. The project-based approach really cemented my learning.,Functions,positive,pride,5,Complete Python Programming Bootcamp
148,1-11-2023 00:00,rowan_smith50,The Object-Oriented Programming coverage was unpythonic and confusing. The examples used outdated Python 2.x practices. The instructor's coding style violated PEP-8 guidelines.,Object-Oriented Programming,negative,confusion,1,Complete Python Programming Bootcamp
149,6-19-2023 00:00,casey_garcia32,Excellent Object-Oriented Programming coverage! The code examples were clean and PEP-8 compliant.,Object-Oriented Programming,positive,excitement,5,Complete Python Programming Bootcamp
150,7-16-2023 00:00,morgan_martinez70,I expected better explanations for Pandas. The error handling examples didn't cover common real-world cases. The web scraping module used deprecated libraries.,Pandas,negative,frustration,2,Complete Python Programming Bootcamp
151,5-2-2023 00:00,dakota_williams20,Excellent Functions coverage! The project-based approach really cemented my learning.,Functions,positive,pride,5,Complete Python Programming Bootcamp
152,7-12-2023 00:00,quinn_brown49,The Functions module was worth the price of the course alone. The code examples were clean and PEP-8 compliant.,Functions,positive,pride,4,Complete Python Programming Bootcamp
153,8-29-2023 00:00,hayden_davis71,Excellent Pandas coverage! The project-based approach really cemented my learning.,Pandas,positive,excitement,4,Complete Python Programming Bootcamp
154,2-12-2023 00:00,skyler_johnson92,poor object-oriented programming section. the web scraping module used deprecated libraries.,Object-Oriented Programming,negative,frustration,1,Complete Python Programming Bootcamp
155,3-16-2023 00:00,river_wilson88,The Python Basics section was Pythonic perfection! I loved how they used real-world datasets for Pandas examples. The Jupyter notebook exercises were incredibly helpful.,Python Basics,positive,satisfaction,4,Complete Python Programming Bootcamp
156,10-1-2023 00:00,elliott_jackson76,Excellent NumPy coverage! The OOP analogies made abstract concepts concrete.,NumPy,positive,pride,5,Complete Python Programming Bootcamp
157,6-26-2023 00:00,hayden_jackson93,i have mixed feelings about the object-oriented programming coverage. good foundation but needs more practical applications.,Object-Oriented Programming,neutral,balance,3,Complete Python Programming Bootcamp
159,9-11-2023 00:00,jamie_anderson69,"The List Comprehensions material was okay, but I've seen better. I expected more advanced applications of the concepts.",List Comprehensions,neutral,uncertainty,3,Complete Python Programming Bootcamp
161,3-2-2023 00:00,charlie_williams20,Excellent Modules & Packages coverage! The instructor's Python style is impeccable.,Modules & Packages,positive,satisfaction,5,Complete Python Programming Bootcamp
162,5-5-2023 00:00,dakota_moore29,The Matplotlib section was adequate but not exceptional. The course covered the basics but didn't go deep enough. The content was good but the exercises were too simplistic.,Matplotlib,neutral,indifference,3,Complete Python Programming Bootcamp
163,7-7-2023 00:00,jordan_thomas45,the python basics lectures were disorganized and frustrating. the jupyter notebooks had broken cells that wouldn't run.,Python Basics,negative,confusion,1,Complete Python Programming Bootcamp
164,5-19-2023 00:00,peyton_gonzalez62,the generators section was pythonic perfection! the jupyter notebook exercises were incredibly helpful.!!,Generators,positive,pride,5,Complete Python Programming Bootcamp
165,5-17-2023 00:00,emery_smith51,Excellent Decorators coverage! I loved how they used real-world datasets for Pandas examples.,Decorators,positive,hope,4,Complete Python Programming Bootcamp
166,3-21-2023 00:00,quinn_brown49,I have mixed feelings about the Modules & Packages coverage. Some modules were great while others needed improvement.,Modules & Packages,neutral,reservation,3,Complete Python Programming Bootcamp
167,6-24-2023 00:00,skyler_rodriguez72,File Handling was explained with such clarity. The instructor's Python style is impeccable.,File Handling,positive,hope,5,Complete Python Programming Bootcamp
168,10-24-2023 00:00,taylor_davis78,Excellent NumPy coverage! The code examples were clean and PEP-8 compliant.,NumPy,positive,satisfaction,5,Complete Python Programming Bootcamp
169,5-5-2023 00:00,taylor_hernandez31,"for a python course, the functions section was surprisingly weak. the web scraping module used deprecated libraries. the pandas section assumed too much prior knowledge.",Functions,negative,disappointment,1,Complete Python Programming Bootcamp
170,7-11-2023 00:00,emerson_williams51,poor list comprehensions section. the instructor's coding style violated pep-8 guidelines.,List Comprehensions,negative,boredom,1,Complete Python Programming Bootcamp
172,8-23-2023 00:00,peyton_johnson25,Excellent Modules & Packages coverage! I've already automated tasks at work using these techniques.,Modules & Packages,positive,pride,5,Complete Python Programming Bootcamp
173,5-3-2023 00:00,elliott_moore14,The Object-Oriented Programming section met basic expectations. Good foundation but needs more practical applications.,Object-Oriented Programming,neutral,balance,3,Complete Python Programming Bootcamp
174,8-29-2023 00:00,finley_martinez22,The Functions section was Pythonic perfection! I loved how they used real-world datasets for Pandas examples. The instructor's Python style is impeccable.,Functions,positive,excitement,5,Complete Python Programming Bootcamp
175,12-6-2023 00:00,rowan_jackson23,Poor Error Handling section. The web scraping module used deprecated libraries.,Error Handling,negative,confusion,1,Complete Python Programming Bootcamp
176,2-18-2023 00:00,alex_davis81,Pandas was explained with such clarity. The code examples were clean and PEP-8 compliant.,Pandas,positive,satisfaction,5,Complete Python Programming Bootcamp
178,3-17-2023 00:00,emery_hernandez22,The Object-Oriented Programming material had me hitting Stack Overflow constantly. The error handling examples didn't cover common real-world cases.,Object-Oriented Programming,negative,frustration,1,Complete Python Programming Bootcamp
179,4-16-2023 00:00,rowan_jackson23,excellent pandas coverage! the code examples were clean and pep-8 compliant.,Pandas,positive,gratitude,4,Complete Python Programming Bootcamp
182,8-9-2023 00:00,river_lopez89,The Python Basics lectures were disorganized and frustrating. The web scraping module used deprecated libraries.,Python Basics,negative,confusion,1,Complete Python Programming Bootcamp
183,3-16-2023 00:00,hayden_smith43,Excellent Matplotlib coverage! The project-based approach really cemented my learning.,Matplotlib,positive,satisfaction,4,Complete Python Programming Bootcamp
184,11-29-2023 00:00,peyton_brown15,Poor Object-Oriented Programming section. The instructor's coding style violated PEP-8 guidelines.,Object-Oriented Programming,negative,boredom,1,Complete Python Programming Bootcamp
185,1-7-2023 00:00,morgan_martinez32,I expected better explanations for NumPy. The web scraping module used deprecated libraries....,NumPy,negative,confusion,1,Complete Python Programming Bootcamp
187,4-2-2023 00:00,skyler_williams19,Excellent Decorators coverage! The code examples were clean and PEP-8 compliant.,Decorators,positive,hope,5,Complete Python Programming Bootcamp
188,1-25-2023 00:00,avery_brown82,the numpy module was worth the price of the course alone. the jupyter notebook exercises were incredibly helpful.,NumPy,positive,satisfaction,5,Complete Python Programming Bootcamp
189,11-21-2023 00:00,emery_martin80,"After struggling with Functions for weeks, these lessons made it click. The Jupyter notebook exercises were incredibly helpful.",Functions,positive,hope,5,Complete Python Programming Bootcamp
190,3-15-2023 00:00,dakota_taylor96,"For a Python course, the Functions section was surprisingly weak. The web scraping module used deprecated libraries. The examples used outdated Python 2.x practices.",Functions,negative,frustration,1,Complete Python Programming Bootcamp
191,12-8-2023 00:00,hayden_davis71,Excellent Object-Oriented Programming coverage! The Jupyter notebook exercises were incredibly helpful.,Object-Oriented Programming,positive,pride,3,Complete Python Programming Bootcamp
192,9-24-2023 00:00,charlie_lopez68,The Generators section was Pythonic perfection! The OOP analogies made abstract concepts concrete.,Generators,positive,excitement,5,Complete Python Programming Bootcamp
193,1-16-2023 00:00,dakota_martinez26,The Web Scraping section met basic expectations. The course covered the basics but didn't go deep enough.,Web Scraping,neutral,balance,3,Complete Python Programming Bootcamp
194,5-1-2023 00:00,rowan_moore15,generators was explained with such clarity. the project-based approach really cemented my learning.,Generators,positive,hope,4,Complete Python Programming Bootcamp
196,2-14-2023 00:00,river_moore11,Excellent Python Basics coverage! The code examples were clean and PEP-8 compliant.,Python Basics,positive,pride,4,Complete Python Programming Bootcamp
197,12-23-2023 00:00,hayden_williams46,Error Handling was satisfactory. I expected more advanced applications of the concepts.,Error Handling,neutral,uncertainty,3,Complete Python Programming Bootcamp
198,9-28-2023 00:00,peyton_anderson87,The Object-Oriented Programming lectures were disorganized and frustrating. The Jupyter notebooks had broken cells that wouldn't run. The examples used outdated Python 2.x practices.,Object-Oriented Programming,negative,anger,1,Complete Python Programming Bootcamp
199,6-20-2023 00:00,charlie_wilson63,Poor Functions section. The examples used outdated Python 2.x practices....,Functions,negative,anger,2,Complete Python Programming Bootcamp
200,9-22-2023 00:00,peyton_brown15,The Modules & Packages module was worth the price of the course alone. I loved how they used real-world datasets for Pandas examples. I loved how they used real-world datasets for Pandas examples.,Modules & Packages,positive,gratitude,5,Complete Python Programming Bootcamp
201,1-6-2023 00:00,charlie_lopez27,"the file handling material was okay, but i've seen better. the course covered the basics but didn't go deep enough.",File Handling,neutral,uncertainty,3,Complete Python Programming Bootcamp
202,9-1-2023 00:00,dakota_hernandez29,I have mixed feelings about the NumPy coverage. Good foundation but needs more practical applications.,NumPy,neutral,indifference,3,Complete Python Programming Bootcamp
203,5-13-2023 00:00,emerson_williams51,excellent python basics coverage! i've already automated tasks at work using these techniques.,Python Basics,positive,hope,4,Complete Python Programming Bootcamp
204,6-4-2023 00:00,taylor_hernandez31,The NumPy coverage was unpythonic and confusing. The Jupyter notebooks had broken cells that wouldn't run.,NumPy,negative,confusion,1,Complete Python Programming Bootcamp
206,12-9-2023 00:00,riley_lopez50,Object-Oriented Programming was satisfactory. The content was good but the exercises were too simplistic.,Object-Oriented Programming,neutral,reservation,3,Complete Python Programming Bootcamp
207,1-7-2023 00:00,riley_moore46,The Error Handling material had me hitting Stack Overflow constantly. The error handling examples didn't cover common real-world cases. The Jupyter notebooks had broken cells that wouldn't run.,Error Handling,negative,anger,1,Complete Python Programming Bootcamp
208,12-31-2023 00:00,quinn_thomas47,The Error Handling section met basic expectations. The course covered the basics but didn't go deep enough.,Error Handling,neutral,reservation,3,Complete Python Programming Bootcamp
209,4-13-2023 00:00,dakota_martinez26,the matplotlib section was pythonic perfection! the instructor's python style is impeccable.!!,Matplotlib,positive,hope,5,Complete Python Programming Bootcamp
210,2-1-2023 00:00,river_lopez11,the python basics module was worth the price of the course alone. the jupyter notebook exercises were incredibly helpful.,Python Basics,positive,pride,5,Complete Python Programming Bootcamp
211,4-2-2023 00:00,peyton_anderson87,Excellent Functions coverage! I've already automated tasks at work using these techniques.,Functions,positive,satisfaction,5,Complete Python Programming Bootcamp
212,10-31-2023 00:00,alex_gonzalez75,"After struggling with Modules & Packages for weeks, these lessons made it click. The instructor's Python style is impeccable. The code examples were clean and PEP-8 compliant.",Modules & Packages,positive,pride,5,Complete Python Programming Bootcamp
213,11-5-2023 00:00,emerson_williams29,Excellent Web Scraping coverage! The project-based approach really cemented my learning.,Web Scraping,positive,excitement,4,Complete Python Programming Bootcamp
214,7-4-2023 00:00,emerson_martinez44,"After struggling with Python Basics for weeks, these lessons made it click. The OOP analogies made abstract concepts concrete.",Python Basics,positive,hope,4,Complete Python Programming Bootcamp
215,7-30-2023 00:00,alex_brown31,Python Basics was satisfactory. I expected more advanced applications of the concepts.,Python Basics,neutral,balance,3,Complete Python Programming Bootcamp
216,6-1-2023 00:00,jordan_garcia77,The Decorators coverage was unpythonic and confusing. The error handling examples didn't cover common real-world cases. The pandas section assumed too much prior knowledge.,Decorators,negative,disappointment,1,Complete Python Programming Bootcamp
217,7-13-2023 00:00,emery_rodriguez96,Excellent Python Basics coverage! The OOP analogies made abstract concepts concrete.,Python Basics,positive,pride,5,Complete Python Programming Bootcamp
218,3-15-2023 00:00,morgan_williams96,Decorators was satisfactory. The content was good but the exercises were too simplistic.,Decorators,neutral,uncertainty,3,Complete Python Programming Bootcamp
221,3-9-2023 00:00,skyler_jones38,decorators was explained with such clarity. the project-based approach really cemented my learning.,Decorators,positive,satisfaction,4,Complete Python Programming Bootcamp
222,11-15-2023 00:00,rowan_martinez74,"For a Python course, the Python Basics section was surprisingly weak. The Jupyter notebooks had broken cells that wouldn't run.",Python Basics,negative,anger,1,Complete Python Programming Bootcamp
223,1-23-2023 00:00,elliott_garcia11,Excellent Generators coverage! The code examples were clean and PEP-8 compliant.,Generators,positive,satisfaction,5,Complete Python Programming Bootcamp
224,8-24-2023 00:00,jordan_brown63,the numpy module was worth the price of the course alone. the jupyter notebook exercises were incredibly helpful. the jupyter notebook exercises were incredibly helpful.,NumPy,positive,pride,4,Complete Python Programming Bootcamp
225,9-19-2023 00:00,peyton_gonzalez20,I finally understand Modules & Packages thanks to this course. The OOP analogies made abstract concepts concrete. The OOP analogies made abstract concepts concrete.,Modules & Packages,positive,excitement,5,Complete Python Programming Bootcamp
226,6-12-2023 00:00,peyton_gonzalez62,"after struggling with python basics for weeks, these lessons made it click. i loved how they used real-world datasets for pandas examples.",Python Basics,positive,excitement,5,Complete Python Programming Bootcamp
227,7-1-2023 00:00,dakota_jones95,excellent matplotlib coverage! the code examples were clean and pep-8 compliant.,Matplotlib,positive,satisfaction,5,Complete Python Programming Bootcamp
229,7-23-2023 00:00,rowan_miller70,Web Scraping was satisfactory. The pacing was inconsistent between beginner and advanced topics.,Web Scraping,neutral,indifference,3,Complete Python Programming Bootcamp
230,12-1-2023 00:00,river_davis73,excellent list comprehensions coverage! the code examples were clean and pep-8 compliant....,List Comprehensions,positive,pride,5,Complete Python Programming Bootcamp
231,11-17-2023 00:00,morgan_brown44,Generators was explained with such clarity. The instructor's Python style is impeccable.,Generators,positive,hope,4,Complete Python Programming Bootcamp
232,4-26-2023 00:00,emerson_rodriguez51,Excellent File Handling coverage! The Jupyter notebook exercises were incredibly helpful.,File Handling,positive,pride,4,Complete Python Programming Bootcamp
234,6-22-2023 00:00,jamie_miller69,"after struggling with object-oriented programming for weeks, these lessons made it click. the jupyter notebook exercises were incredibly helpful.",Object-Oriented Programming,positive,hope,4,Complete Python Programming Bootcamp
235,7-22-2023 00:00,skyler_johnson23,Error Handling was satisfactory. Some modules were great while others needed improvement.,Error Handling,neutral,uncertainty,3,Complete Python Programming Bootcamp
236,7-19-2023 00:00,dakota_smith28,I finally understand Modules & Packages thanks to this course. The Jupyter notebook exercises were incredibly helpful.,Modules & Packages,positive,pride,5,Complete Python Programming Bootcamp
238,12-23-2023 00:00,finley_wilson43,The Python Basics section was adequate but not exceptional. I expected more advanced applications of the concepts.,Python Basics,neutral,balance,3,Complete Python Programming Bootcamp
239,4-16-2023 00:00,river_wilson88,I finally understand File Handling thanks to this course. I've already automated tasks at work using these techniques. The instructor's Python style is impeccable.,File Handling,positive,satisfaction,5,Complete Python Programming Bootcamp
240,7-25-2023 00:00,alex_wilson93,Poor Generators section. The pandas section assumed too much prior knowledge.!!,Generators,negative,anger,2,Complete Python Programming Bootcamp
241,6-28-2023 00:00,skyler_johnson23,"After struggling with Pandas for weeks, these lessons made it click. I loved how they used real-world datasets for Pandas examples. The instructor's Python style is impeccable.",Pandas,positive,hope,4,Complete Python Programming Bootcamp
242,10-3-2023 00:00,alex_davis81,"The Functions material was okay, but I've seen better. The pacing was inconsistent between beginner and advanced topics.",Functions,neutral,indifference,3,Complete Python Programming Bootcamp
243,4-15-2023 00:00,emery_johnson45,list comprehensions was satisfactory. good foundation but needs more practical applications.,List Comprehensions,neutral,reservation,3,Complete Python Programming Bootcamp
244,1-22-2023 00:00,rowan_johnson31,Excellent Error Handling coverage! The project-based approach really cemented my learning.,Error Handling,positive,satisfaction,5,Complete Python Programming Bootcamp
245,12-24-2023 00:00,peyton_rodriguez72,the numpy material had me hitting stack overflow constantly. the instructor's coding style violated pep-8 guidelines.,NumPy,negative,boredom,1,Complete Python Programming Bootcamp
247,11-24-2023 00:00,jamie_williams37,Poor List Comprehensions section. The pandas section assumed too much prior knowledge.,List Comprehensions,negative,frustration,2,Complete Python Programming Bootcamp
248,3-8-2023 00:00,dakota_williams69,excellent matplotlib coverage! the project-based approach really cemented my learning.,Matplotlib,positive,gratitude,4,Complete Python Programming Bootcamp
249,12-4-2023 00:00,dakota_hernandez29,"Poor Object-Oriented Programming section. Too much time spent on basic syntax, not enough on applications.",Object-Oriented Programming,negative,anger,2,Complete Python Programming Bootcamp
250,5-12-2023 00:00,casey_smith35,The Functions coverage was unpythonic and confusing. The Jupyter notebooks had broken cells that wouldn't run. The instructor's coding style violated PEP-8 guidelines.,Functions,negative,anger,1,Complete Python Programming Bootcamp
251,5-28-2023 00:00,skyler_wilson89,The Python Basics section was Pythonic perfection! The OOP analogies made abstract concepts concrete. The Jupyter notebook exercises were incredibly helpful.,Python Basics,positive,satisfaction,5,Complete Python Programming Bootcamp
252,10-25-2023 00:00,rowan_martin20,Excellent NumPy coverage! I've already automated tasks at work using these techniques....,NumPy,positive,excitement,5,Complete Python Programming Bootcamp
253,4-22-2023 00:00,hayden_brown10,poor functions section. the instructor's coding style violated pep-8 guidelines.,Functions,negative,frustration,1,Complete Python Programming Bootcamp
254,3-16-2023 00:00,dakota_moore29,excellent python basics coverage! i loved how they used real-world datasets for pandas examples.,Python Basics,positive,pride,4,Complete Python Programming Bootcamp
255,1-18-2023 00:00,taylor_smith56,Poor NumPy section. The error handling examples didn't cover common real-world cases.,NumPy,negative,disappointment,1,Complete Python Programming Bootcamp
256,10-22-2023 00:00,emerson_miller41,i finally understand modules & packages thanks to this course. the instructor's python style is impeccable.,Modules & Packages,positive,gratitude,5,Complete Python Programming Bootcamp
258,8-2-2023 00:00,emerson_hernandez45,The Web Scraping section was Pythonic perfection! The OOP analogies made abstract concepts concrete.,Web Scraping,positive,excitement,4,Complete Python Programming Bootcamp
259,10-5-2023 00:00,finley_taylor25,excellent error handling coverage! i loved how they used real-world datasets for pandas examples.,Error Handling,positive,satisfaction,4,Complete Python Programming Bootcamp
260,4-20-2023 00:00,emerson_williams17,Excellent List Comprehensions coverage! The Jupyter notebook exercises were incredibly helpful.,List Comprehensions,positive,gratitude,4,Complete Python Programming Bootcamp
261,6-6-2023 00:00,charlie_rodriguez54,Poor Web Scraping section. The Jupyter notebooks had broken cells that wouldn't run....,Web Scraping,negative,confusion,2,Complete Python Programming Bootcamp
264,4-21-2023 00:00,alex_rodriguez61,I finally understand Python Basics thanks to this course. The Jupyter notebook exercises were incredibly helpful.,Python Basics,positive,excitement,4,Complete Python Programming Bootcamp
266,3-27-2023 00:00,emery_smith51,"the object-oriented programming material had me hitting stack overflow constantly. too much time spent on basic syntax, not enough on applications.",Object-Oriented Programming,negative,anger,2,Complete Python Programming Bootcamp
267,8-10-2023 00:00,skyler_moore59,Excellent Modules & Packages coverage! The OOP analogies made abstract concepts concrete.,Modules & Packages,positive,satisfaction,4,Complete Python Programming Bootcamp
268,11-15-2023 00:00,morgan_martinez97,Excellent Modules & Packages coverage! The code examples were clean and PEP-8 compliant.,Modules & Packages,positive,excitement,5,Complete Python Programming Bootcamp
269,8-23-2023 00:00,morgan_rodriguez80,Excellent Python Basics coverage! I loved how they used real-world datasets for Pandas examples.!!,Python Basics,positive,gratitude,5,Complete Python Programming Bootcamp
270,9-22-2023 00:00,quinn_brown49,I finally understand Object-Oriented Programming thanks to this course. I've already automated tasks at work using these techniques. The project-based approach really cemented my learning.,Object-Oriented Programming,positive,excitement,4,Complete Python Programming Bootcamp
271,7-14-2023 00:00,charlie_johnson91,The File Handling section was Pythonic perfection! The code examples were clean and PEP-8 compliant. I loved how they used real-world datasets for Pandas examples....,File Handling,positive,excitement,5,Complete Python Programming Bootcamp
272,4-25-2023 00:00,taylor_lopez80,The NumPy section was Pythonic perfection! The project-based approach really cemented my learning. The project-based approach really cemented my learning.,NumPy,positive,hope,5,Complete Python Programming Bootcamp
273,1-7-2023 00:00,hayden_moore99,"For a Python course, the NumPy section was surprisingly weak. The instructor's coding style violated PEP-8 guidelines.",NumPy,negative,disappointment,1,Complete Python Programming Bootcamp
274,3-14-2023 00:00,emerson_davis19,The NumPy section was Pythonic perfection! The Jupyter notebook exercises were incredibly helpful.,NumPy,positive,hope,5,Complete Python Programming Bootcamp
275,9-13-2023 00:00,hayden_rodriguez28,"After struggling with File Handling for weeks, these lessons made it click. The OOP analogies made abstract concepts concrete. The project-based approach really cemented my learning.",File Handling,positive,gratitude,4,Complete Python Programming Bootcamp
276,6-16-2023 00:00,elliott_moore14,Excellent Matplotlib coverage! The Jupyter notebook exercises were incredibly helpful.,Matplotlib,positive,hope,5,Complete Python Programming Bootcamp
277,2-19-2023 00:00,riley_lopez86,Excellent Modules & Packages coverage! The project-based approach really cemented my learning.,Modules & Packages,positive,satisfaction,5,Complete Python Programming Bootcamp
279,6-14-2023 00:00,elliott_moore14,excellent file handling coverage! i've already automated tasks at work using these techniques.,File Handling,positive,gratitude,5,Complete Python Programming Bootcamp
281,3-14-2023 00:00,hayden_miller84,The NumPy section met basic expectations. Some modules were great while others needed improvement.,NumPy,neutral,balance,3,Complete Python Programming Bootcamp
282,5-16-2023 00:00,dakota_smith28,Excellent NumPy coverage! The instructor's Python style is impeccable.,NumPy,positive,satisfaction,4,Complete Python Programming Bootcamp
283,3-26-2023 00:00,dakota_hernandez22,Excellent Python Basics coverage! The Jupyter notebook exercises were incredibly helpful.,Python Basics,positive,pride,5,Complete Python Programming Bootcamp
284,8-12-2023 00:00,charlie_hernandez37,Excellent Modules & Packages coverage! The OOP analogies made abstract concepts concrete.!!,Modules & Packages,positive,hope,5,Complete Python Programming Bootcamp
285,2-18-2023 00:00,peyton_taylor25,excellent object-oriented programming coverage! i've already automated tasks at work using these techniques....,Object-Oriented Programming,positive,satisfaction,4,Complete Python Programming Bootcamp
286,2-28-2023 00:00,emery_johnson45,Excellent Pandas coverage! The instructor's Python style is impeccable.,Pandas,positive,hope,5,Complete Python Programming Bootcamp
287,7-5-2023 00:00,charlie_johnson91,The Functions section was Pythonic perfection! The instructor's Python style is impeccable. I loved how they used real-world datasets for Pandas examples.,Functions,positive,excitement,4,Complete Python Programming Bootcamp
288,7-27-2023 00:00,skyler_taylor78,Excellent Generators coverage! The Jupyter notebook exercises were incredibly helpful.,Generators,positive,gratitude,3,Complete Python Programming Bootcamp
289,1-4-2023 00:00,avery_smith19,"The Python Basics material was okay, but I've seen better. The content was good but the exercises were too simplistic.",Python Basics,neutral,balance,3,Complete Python Programming Bootcamp
290,3-24-2023 00:00,charlie_rodriguez54,python basics was satisfactory. i expected more advanced applications of the concepts.,Python Basics,neutral,indifference,3,Complete Python Programming Bootcamp
291,10-4-2023 00:00,morgan_rodriguez69,"After struggling with File Handling for weeks, these lessons made it click. The OOP analogies made abstract concepts concrete. The instructor's Python style is impeccable.",File Handling,positive,satisfaction,4,Complete Python Programming Bootcamp
292,3-26-2023 00:00,riley_moore62,"after struggling with file handling for weeks, these lessons made it click. the instructor's python style is impeccable.",File Handling,positive,pride,5,Complete Python Programming Bootcamp
293,4-28-2023 00:00,riley_lopez86,modules & packages was satisfactory. the pacing was inconsistent between beginner and advanced topics.,Modules & Packages,neutral,uncertainty,3,Complete Python Programming Bootcamp
294,12-30-2023 00:00,skyler_moore59,Excellent List Comprehensions coverage! The OOP analogies made abstract concepts concrete.,List Comprehensions,positive,excitement,5,Complete Python Programming Bootcamp
296,6-12-2023 00:00,peyton_brown15,The Error Handling section was Pythonic perfection! The Jupyter notebook exercises were incredibly helpful. The OOP analogies made abstract concepts concrete.,Error Handling,positive,excitement,5,Complete Python Programming Bootcamp
298,1-8-2023 00:00,taylor_lopez80,the decorators section met basic expectations. the content was good but the exercises were too simplistic.,Decorators,neutral,uncertainty,3,Complete Python Programming Bootcamp
300,1-12-2023 00:00,elliott_hernandez53,The Pandas material had me hitting Stack Overflow constantly. The error handling examples didn't cover common real-world cases. The instructor's coding style violated PEP-8 guidelines.,Pandas,negative,boredom,1,Complete Python Programming Bootcamp
301,2-13-2023 00:00,charlie_jones87,Poor File Handling section. The pandas section assumed too much prior knowledge.,File Handling,negative,boredom,1,Complete Python Programming Bootcamp
302,5-31-2023 00:00,charlie_williams28,excellent pandas coverage! the instructor's python style is impeccable.,Pandas,positive,hope,5,Complete Python Programming Bootcamp
303,11-8-2023 00:00,alex_martin94,The List Comprehensions coverage was unpythonic and confusing. The pandas section assumed too much prior knowledge.,List Comprehensions,negative,anger,1,Complete Python Programming Bootcamp
305,2-18-2023 00:00,dakota_rodriguez39,I finally understand Object-Oriented Programming thanks to this course. I loved how they used real-world datasets for Pandas examples.,Object-Oriented Programming,positive,hope,3,Complete Python Programming Bootcamp
306,11-2-2023 00:00,taylor_martin41,i finally understand numpy thanks to this course. the project-based approach really cemented my learning.,NumPy,positive,pride,5,Complete Python Programming Bootcamp
307,10-20-2023 00:00,finley_martinez22,I finally understand Object-Oriented Programming thanks to this course. I've already automated tasks at work using these techniques.,Object-Oriented Programming,positive,pride,4,Complete Python Programming Bootcamp
308,8-31-2023 00:00,elliott_garcia11,The Python Basics coverage was unpythonic and confusing. The pandas section assumed too much prior knowledge.,Python Basics,negative,boredom,1,Complete Python Programming Bootcamp
309,4-19-2023 00:00,skyler_johnson23,I finally understand Pandas thanks to this course. The code examples were clean and PEP-8 compliant.,Pandas,positive,pride,4,Complete Python Programming Bootcamp
311,6-18-2023 00:00,riley_rodriguez69,NumPy was taught competently but without inspiration. Good foundation but needs more practical applications.,NumPy,neutral,balance,3,Complete Python Programming Bootcamp
312,10-23-2023 00:00,jordan_hernandez41,Pandas was satisfactory. The pacing was inconsistent between beginner and advanced topics.,Pandas,neutral,reservation,3,Complete Python Programming Bootcamp
313,7-16-2023 00:00,taylor_lopez80,Poor Pandas section. The web scraping module used deprecated libraries.,Pandas,negative,frustration,1,Complete Python Programming Bootcamp
314,8-18-2023 00:00,alex_martin99,"After struggling with Decorators for weeks, these lessons made it click. The project-based approach really cemented my learning.",Decorators,positive,gratitude,4,Complete Python Programming Bootcamp
315,11-8-2023 00:00,riley_hernandez74,The Error Handling module was worth the price of the course alone. The OOP analogies made abstract concepts concrete.,Error Handling,positive,gratitude,4,Complete Python Programming Bootcamp
316,12-1-2023 00:00,elliott_garcia20,excellent modules & packages coverage! the oop analogies made abstract concepts concrete.,Modules & Packages,positive,pride,5,Complete Python Programming Bootcamp
318,9-6-2023 00:00,charlie_lopez68,"The Modules & Packages material was okay, but I've seen better. The pacing was inconsistent between beginner and advanced topics.",Modules & Packages,neutral,uncertainty,3,Complete Python Programming Bootcamp
319,10-30-2023 00:00,finley_brown94,excellent python basics coverage! the code examples were clean and pep-8 compliant.,Python Basics,positive,gratitude,5,Complete Python Programming Bootcamp
321,7-8-2023 00:00,elliott_rodriguez94,The Object-Oriented Programming section was Pythonic perfection! The Jupyter notebook exercises were incredibly helpful.,Object-Oriented Programming,positive,satisfaction,3,Complete Python Programming Bootcamp
323,5-4-2023 00:00,emerson_rodriguez51,I finally understand Decorators thanks to this course. The code examples were clean and PEP-8 compliant. The instructor's Python style is impeccable.,Decorators,positive,gratitude,5,Complete Python Programming Bootcamp
325,5-20-2023 00:00,elliott_hernandez52,"Poor NumPy section. Too much time spent on basic syntax, not enough on applications.",NumPy,negative,boredom,2,Complete Python Programming Bootcamp
326,2-15-2023 00:00,rowan_moore15,The Web Scraping coverage was unpythonic and confusing. The pandas section assumed too much prior knowledge.,Web Scraping,negative,disappointment,1,Complete Python Programming Bootcamp
327,3-12-2023 00:00,river_wilson88,Excellent Object-Oriented Programming coverage! The instructor's Python style is impeccable.,Object-Oriented Programming,positive,excitement,4,Complete Python Programming Bootcamp
328,9-14-2023 00:00,peyton_rodriguez72,Excellent File Handling coverage! I loved how they used real-world datasets for Pandas examples.!!,File Handling,positive,excitement,5,Complete Python Programming Bootcamp
329,1-10-2023 00:00,peyton_brown15,excellent generators coverage! i loved how they used real-world datasets for pandas examples.,Generators,positive,excitement,5,Complete Python Programming Bootcamp
330,1-31-2023 00:00,riley_martinez96,excellent matplotlib coverage! i loved how they used real-world datasets for pandas examples.,Matplotlib,positive,pride,5,Complete Python Programming Bootcamp
331,6-21-2023 00:00,casey_wilson80,Excellent Matplotlib coverage! I've already automated tasks at work using these techniques.,Matplotlib,positive,satisfaction,4,Complete Python Programming Bootcamp
332,8-19-2023 00:00,avery_hernandez66,"After struggling with Functions for weeks, these lessons made it click. The project-based approach really cemented my learning.",Functions,positive,excitement,5,Complete Python Programming Bootcamp
333,11-13-2023 00:00,jordan_johnson65,The Pandas section was Pythonic perfection! The OOP analogies made abstract concepts concrete.,Pandas,positive,pride,4,Complete Python Programming Bootcamp
334,12-16-2023 00:00,elliott_martin22,The Error Handling section was adequate but not exceptional. The pacing was inconsistent between beginner and advanced topics. The course covered the basics but didn't go deep enough.,Error Handling,neutral,indifference,3,Complete Python Programming Bootcamp
335,4-18-2023 00:00,hayden_taylor56,the numpy section was pythonic perfection! i loved how they used real-world datasets for pandas examples.,NumPy,positive,excitement,5,Complete Python Programming Bootcamp
336,6-3-2023 00:00,emery_martin80,The Python Basics section was Pythonic perfection! The project-based approach really cemented my learning.,Python Basics,positive,hope,4,Complete Python Programming Bootcamp
337,2-8-2023 00:00,taylor_davis78,poor error handling section. the examples used outdated python 2.x practices.,Error Handling,negative,disappointment,1,Complete Python Programming Bootcamp
338,3-31-2023 00:00,finley_wilson87,Excellent Object-Oriented Programming coverage! I've already automated tasks at work using these techniques.,Object-Oriented Programming,positive,hope,5,Complete Python Programming Bootcamp
339,4-19-2023 00:00,jamie_hernandez96,Pandas was taught competently but without inspiration. Good foundation but needs more practical applications....,Pandas,neutral,uncertainty,3,Complete Python Programming Bootcamp
340,1-24-2023 00:00,morgan_lopez74,poor functions section. the error handling examples didn't cover common real-world cases.,Functions,negative,boredom,2,Complete Python Programming Bootcamp
341,7-28-2023 00:00,avery_smith19,The Modules & Packages module was worth the price of the course alone. The OOP analogies made abstract concepts concrete.,Modules & Packages,positive,excitement,5,Complete Python Programming Bootcamp
342,4-23-2023 00:00,taylor_davis69,Excellent List Comprehensions coverage! The project-based approach really cemented my learning.,List Comprehensions,positive,gratitude,5,Complete Python Programming Bootcamp
343,11-28-2023 00:00,dakota_hernandez29,I finally understand Web Scraping thanks to this course. The code examples were clean and PEP-8 compliant.,Web Scraping,positive,satisfaction,5,Complete Python Programming Bootcamp
345,12-30-2023 00:00,hayden_wilson33,i finally understand functions thanks to this course. the project-based approach really cemented my learning.,Functions,positive,satisfaction,5,Complete Python Programming Bootcamp
346,11-11-2023 00:00,taylor_smith56,i finally understand modules & packages thanks to this course. i loved how they used real-world datasets for pandas examples.!!,Modules & Packages,positive,pride,5,Complete Python Programming Bootcamp
347,8-3-2023 00:00,emerson_davis19,The File Handling section was adequate but not exceptional. The pacing was inconsistent between beginner and advanced topics.,File Handling,neutral,uncertainty,3,Complete Python Programming Bootcamp
348,8-3-2023 00:00,jordan_brown63,The Modules & Packages module was worth the price of the course alone. I loved how they used real-world datasets for Pandas examples.,Modules & Packages,positive,pride,5,Complete Python Programming Bootcamp
349,10-30-2023 00:00,morgan_lopez74,Excellent Error Handling coverage! The instructor's Python style is impeccable.,Error Handling,positive,excitement,5,Complete Python Programming Bootcamp
350,7-7-2023 00:00,jordan_brown63,Excellent NumPy coverage! I loved how they used real-world datasets for Pandas examples.,NumPy,positive,pride,4,Complete Python Programming Bootcamp
351,8-24-2023 00:00,charlie_wilson16,"after struggling with functions for weeks, these lessons made it click. the oop analogies made abstract concepts concrete.",Functions,positive,excitement,5,Complete Python Programming Bootcamp
352,7-5-2023 00:00,river_garcia84,File Handling was satisfactory. The pacing was inconsistent between beginner and advanced topics.,File Handling,neutral,reservation,3,Complete Python Programming Bootcamp
354,8-29-2023 00:00,charlie_hernandez37,The Error Handling section met basic expectations. Some modules were great while others needed improvement.,Error Handling,neutral,indifference,3,Complete Python Programming Bootcamp
355,6-19-2023 00:00,dakota_rodriguez39,"After struggling with Functions for weeks, these lessons made it click. I've already automated tasks at work using these techniques. The Jupyter notebook exercises were incredibly helpful.",Functions,positive,satisfaction,5,Complete Python Programming Bootcamp
356,7-13-2023 00:00,peyton_hernandez31,Functions was satisfactory. The content was good but the exercises were too simplistic.,Functions,neutral,uncertainty,3,Complete Python Programming Bootcamp
359,3-23-2023 00:00,dakota_rodriguez39,excellent web scraping coverage! the jupyter notebook exercises were incredibly helpful.,Web Scraping,positive,excitement,5,Complete Python Programming Bootcamp
360,2-24-2023 00:00,dakota_jones95,Excellent NumPy coverage! The Jupyter notebook exercises were incredibly helpful.,NumPy,positive,hope,4,Complete Python Programming Bootcamp
361,2-27-2023 00:00,jamie_taylor31,the object-oriented programming material had me hitting stack overflow constantly. the web scraping module used deprecated libraries.,Object-Oriented Programming,negative,disappointment,1,Complete Python Programming Bootcamp
364,8-13-2023 00:00,rowan_jackson23,the python basics section was pythonic perfection! the code examples were clean and pep-8 compliant. i've already automated tasks at work using these techniques.,Python Basics,positive,gratitude,5,Complete Python Programming Bootcamp
365,1-13-2023 00:00,avery_miller79,Python Basics was taught competently but without inspiration. I expected more advanced applications of the concepts.,Python Basics,neutral,indifference,3,Complete Python Programming Bootcamp
366,5-14-2023 00:00,peyton_hernandez32,"the list comprehensions material was okay, but i've seen better. good foundation but needs more practical applications.",List Comprehensions,neutral,indifference,3,Complete Python Programming Bootcamp
367,4-16-2023 00:00,skyler_smith35,Poor Python Basics section. The Jupyter notebooks had broken cells that wouldn't run.,Python Basics,negative,frustration,1,Complete Python Programming Bootcamp
368,6-26-2023 00:00,emerson_jackson54,Object-Oriented Programming was explained with such clarity. I loved how they used real-world datasets for Pandas examples.,Object-Oriented Programming,positive,satisfaction,4,Complete Python Programming Bootcamp
369,12-9-2023 00:00,charlie_wilson60,"after struggling with error handling for weeks, these lessons made it click. the code examples were clean and pep-8 compliant. i've already automated tasks at work using these techniques.!!",Error Handling,positive,satisfaction,5,Complete Python Programming Bootcamp
370,12-12-2023 00:00,riley_thomas39,Excellent Error Handling coverage! I loved how they used real-world datasets for Pandas examples....,Error Handling,positive,satisfaction,4,Complete Python Programming Bootcamp
372,5-16-2023 00:00,morgan_williams96,"For a Python course, the Object-Oriented Programming section was surprisingly weak. The Jupyter notebooks had broken cells that wouldn't run. The instructor's coding style violated PEP-8 guidelines.",Object-Oriented Programming,negative,frustration,1,Complete Python Programming Bootcamp
373,2-21-2023 00:00,elliott_jackson19,"After struggling with Matplotlib for weeks, these lessons made it click. The OOP analogies made abstract concepts concrete.",Matplotlib,positive,satisfaction,4,Complete Python Programming Bootcamp
374,4-27-2023 00:00,taylor_hernandez31,Excellent Functions coverage! The instructor's Python style is impeccable.,Functions,positive,satisfaction,5,Complete Python Programming Bootcamp
375,12-23-2023 00:00,morgan_jones49,Functions was satisfactory. The course covered the basics but didn't go deep enough.,Functions,neutral,uncertainty,3,Complete Python Programming Bootcamp
376,3-24-2023 00:00,skyler_smith35,Poor Python Basics section. The pandas section assumed too much prior knowledge....,Python Basics,negative,disappointment,1,Complete Python Programming Bootcamp
378,9-7-2023 00:00,alex_rodriguez50,object-oriented programming was explained with such clarity. i've already automated tasks at work using these techniques. the code examples were clean and pep-8 compliant.,Object-Oriented Programming,positive,excitement,4,Complete Python Programming Bootcamp
379,6-4-2023 00:00,riley_martinez96,Excellent Decorators coverage! The project-based approach really cemented my learning.,Decorators,positive,satisfaction,4,Complete Python Programming Bootcamp
381,9-15-2023 00:00,river_anderson48,I have mixed feelings about the Object-Oriented Programming coverage. I expected more advanced applications of the concepts. Good foundation but needs more practical applications.,Object-Oriented Programming,neutral,uncertainty,3,Complete Python Programming Bootcamp
383,3-15-2023 00:00,alex_martinez84,excellent python basics coverage! the code examples were clean and pep-8 compliant.!!,Python Basics,positive,pride,5,Complete Python Programming Bootcamp
384,10-28-2023 00:00,charlie_lopez68,Excellent Object-Oriented Programming coverage! The instructor's Python style is impeccable....,Object-Oriented Programming,positive,hope,4,Complete Python Programming Bootcamp
385,10-26-2023 00:00,dakota_thomas68,"After struggling with NumPy for weeks, these lessons made it click. The OOP analogies made abstract concepts concrete. The instructor's Python style is impeccable.",NumPy,positive,satisfaction,5,Complete Python Programming Bootcamp
387,6-14-2023 00:00,riley_hernandez53,I finally understand NumPy thanks to this course. The Jupyter notebook exercises were incredibly helpful. The project-based approach really cemented my learning.,NumPy,positive,excitement,5,Complete Python Programming Bootcamp
388,10-26-2023 00:00,skyler_miller31,Poor Web Scraping section. The instructor's coding style violated PEP-8 guidelines.!!,Web Scraping,negative,frustration,1,Complete Python Programming Bootcamp
390,10-16-2023 00:00,quinn_taylor12,"After struggling with Python Basics for weeks, these lessons made it click. The code examples were clean and PEP-8 compliant. The project-based approach really cemented my learning.",Python Basics,positive,pride,5,Complete Python Programming Bootcamp
391,9-29-2023 00:00,dakota_smith28,Excellent List Comprehensions coverage! I loved how they used real-world datasets for Pandas examples.,List Comprehensions,positive,pride,4,Complete Python Programming Bootcamp
392,6-1-2023 00:00,emerson_martinez44,I expected better explanations for Functions. The Jupyter notebooks had broken cells that wouldn't run.,Functions,negative,boredom,1,Complete Python Programming Bootcamp
393,12-21-2023 00:00,alex_rodriguez50,The Error Handling module was worth the price of the course alone. The Jupyter notebook exercises were incredibly helpful. The instructor's Python style is impeccable....,Error Handling,positive,hope,4,Complete Python Programming Bootcamp
395,10-17-2023 00:00,emery_rodriguez96,Poor Python Basics section. The web scraping module used deprecated libraries.,Python Basics,negative,disappointment,2,Complete Python Programming Bootcamp
396,4-14-2023 00:00,peyton_davis13,"For a Python course, the Object-Oriented Programming section was surprisingly weak. The error handling examples didn't cover common real-world cases.",Object-Oriented Programming,negative,disappointment,1,Complete Python Programming Bootcamp
397,6-5-2023 00:00,alex_brown31,Pandas was explained with such clarity. The project-based approach really cemented my learning. I've already automated tasks at work using these techniques.,Pandas,positive,pride,5,Complete Python Programming Bootcamp
398,4-20-2023 00:00,peyton_rodriguez72,Excellent Web Scraping coverage! The project-based approach really cemented my learning.!!,Web Scraping,positive,pride,4,Complete Python Programming Bootcamp
399,11-14-2023 00:00,rowan_johnson31,i finally understand modules & packages thanks to this course. the oop analogies made abstract concepts concrete. the instructor's python style is impeccable.,Modules & Packages,positive,hope,5,Complete Python Programming Bootcamp
400,10-26-2023 00:00,charlie_wilson63,I expected better explanations for Functions. The web scraping module used deprecated libraries.,Functions,negative,boredom,1,Complete Python Programming Bootcamp
401,8-7-2023 00:00,jordan_hernandez41,The Python Basics section was Pythonic perfection! The instructor's Python style is impeccable.,Python Basics,positive,satisfaction,5,Complete Python Programming Bootcamp
402,6-21-2023 00:00,river_thomas44,I finally understand Object-Oriented Programming thanks to this course. The Jupyter notebook exercises were incredibly helpful.,Object-Oriented Programming,positive,pride,5,Complete Python Programming Bootcamp
403,5-12-2023 00:00,alex_miller79,The Python Basics section was Pythonic perfection! The OOP analogies made abstract concepts concrete.,Python Basics,positive,hope,4,Complete Python Programming Bootcamp
404,12-25-2023 00:00,charlie_lopez27,Excellent Functions coverage! I loved how they used real-world datasets for Pandas examples....,Functions,positive,excitement,5,Complete Python Programming Bootcamp
405,8-28-2023 00:00,alex_miller79,"poor pandas section. too much time spent on basic syntax, not enough on applications.",Pandas,negative,disappointment,1,Complete Python Programming Bootcamp
406,5-12-2023 00:00,emery_rodriguez96,The Object-Oriented Programming section was adequate but not exceptional. I expected more advanced applications of the concepts.!!,Object-Oriented Programming,neutral,reservation,3,Complete Python Programming Bootcamp
407,6-19-2023 00:00,jordan_thomas45,"After struggling with Matplotlib for weeks, these lessons made it click. I loved how they used real-world datasets for Pandas examples. The Jupyter notebook exercises were incredibly helpful.",Matplotlib,positive,satisfaction,4,Complete Python Programming Bootcamp
408,6-30-2023 00:00,hayden_brown13,"After struggling with Error Handling for weeks, these lessons made it click. I loved how they used real-world datasets for Pandas examples.",Error Handling,positive,pride,5,Complete Python Programming Bootcamp
409,4-28-2023 00:00,river_taylor19,Excellent Python Basics coverage! The Jupyter notebook exercises were incredibly helpful....,Python Basics,positive,pride,4,Complete Python Programming Bootcamp
410,9-19-2023 00:00,dakota_smith68,I finally understand Python Basics thanks to this course. I've already automated tasks at work using these techniques. I loved how they used real-world datasets for Pandas examples.,Python Basics,positive,pride,5,Complete Python Programming Bootcamp
411,11-5-2023 00:00,hayden_brown76,The Decorators module was worth the price of the course alone. The Jupyter notebook exercises were incredibly helpful.,Decorators,positive,gratitude,4,Complete Python Programming Bootcamp
412,2-12-2023 00:00,emerson_garcia46,"Poor Error Handling section. Too much time spent on basic syntax, not enough on applications.",Error Handling,negative,confusion,2,Complete Python Programming Bootcamp
414,9-2-2023 00:00,riley_taylor53,The Modules & Packages section was Pythonic perfection! The Jupyter notebook exercises were incredibly helpful.,Modules & Packages,positive,satisfaction,5,Complete Python Programming Bootcamp
415,3-6-2023 00:00,morgan_lopez74,the generators module was worth the price of the course alone. the project-based approach really cemented my learning.,Generators,positive,gratitude,5,Complete Python Programming Bootcamp
416,6-28-2023 00:00,finley_williams82,I expected better explanations for Modules & Packages. The instructor's coding style violated PEP-8 guidelines.,Modules & Packages,negative,confusion,2,Complete Python Programming Bootcamp
417,11-24-2023 00:00,skyler_miller31,Object-Oriented Programming was explained with such clarity. The OOP analogies made abstract concepts concrete.,Object-Oriented Programming,positive,satisfaction,3,Complete Python Programming Bootcamp
418,1-10-2023 00:00,elliott_garcia73,web scraping was satisfactory. some modules were great while others needed improvement.,Web Scraping,neutral,balance,3,Complete Python Programming Bootcamp
419,5-22-2023 00:00,alex_wilson93,i expected better explanations for functions. the pandas section assumed too much prior knowledge. the error handling examples didn't cover common real-world cases.,Functions,negative,confusion,1,Complete Python Programming Bootcamp
420,2-4-2023 00:00,charlie_jones60,Poor Python Basics section. The pandas section assumed too much prior knowledge.,Python Basics,negative,disappointment,2,Complete Python Programming Bootcamp
422,7-6-2023 00:00,avery_smith19,Excellent Generators coverage! The Jupyter notebook exercises were incredibly helpful.!!,Generators,positive,hope,3,Complete Python Programming Bootcamp
423,8-28-2023 00:00,morgan_rodriguez32,excellent python basics coverage! the oop analogies made abstract concepts concrete.,Python Basics,positive,gratitude,5,Complete Python Programming Bootcamp
424,7-30-2023 00:00,charlie_lopez91,Excellent Generators coverage! The OOP analogies made abstract concepts concrete.!!,Generators,positive,pride,4,Complete Python Programming Bootcamp
425,1-26-2023 00:00,skyler_miller31,poor object-oriented programming section. the instructor's coding style violated pep-8 guidelines.,Object-Oriented Programming,negative,boredom,1,Complete Python Programming Bootcamp
426,3-5-2023 00:00,riley_martin84,List Comprehensions was explained with such clarity. The OOP analogies made abstract concepts concrete.,List Comprehensions,positive,hope,5,Complete Python Programming Bootcamp
427,10-1-2023 00:00,alex_williams23,Excellent Matplotlib coverage! The code examples were clean and PEP-8 compliant.,Matplotlib,positive,pride,5,Complete Python Programming Bootcamp
429,3-16-2023 00:00,river_gonzalez90,"after struggling with list comprehensions for weeks, these lessons made it click. the project-based approach really cemented my learning.",List Comprehensions,positive,satisfaction,5,Complete Python Programming Bootcamp
430,8-15-2023 00:00,charlie_johnson98,List Comprehensions was satisfactory. Some modules were great while others needed improvement.,List Comprehensions,neutral,indifference,3,Complete Python Programming Bootcamp
431,6-5-2023 00:00,charlie_garcia23,Functions was taught competently but without inspiration. The course covered the basics but didn't go deep enough.!!,Functions,neutral,reservation,3,Complete Python Programming Bootcamp
432,2-15-2023 00:00,dakota_williams27,Matplotlib was satisfactory. I expected more advanced applications of the concepts.,Matplotlib,neutral,reservation,3,Complete Python Programming Bootcamp
433,7-7-2023 00:00,elliott_moore14,The NumPy material had me hitting Stack Overflow constantly. The error handling examples didn't cover common real-world cases.,NumPy,negative,frustration,1,Complete Python Programming Bootcamp
434,2-28-2023 00:00,river_hernandez56,"After struggling with Object-Oriented Programming for weeks, these lessons made it click. I've already automated tasks at work using these techniques.",Object-Oriented Programming,positive,pride,4,Complete Python Programming Bootcamp
435,3-3-2023 00:00,emerson_thomas31,Excellent Generators coverage! The code examples were clean and PEP-8 compliant....,Generators,positive,excitement,4,Complete Python Programming Bootcamp
436,1-1-2023 00:00,casey_wilson80,The Decorators coverage was unpythonic and confusing. The web scraping module used deprecated libraries.,Decorators,negative,confusion,2,Complete Python Programming Bootcamp
437,9-21-2023 00:00,elliott_moore27,The Functions section was Pythonic perfection! The project-based approach really cemented my learning. The instructor's Python style is impeccable.,Functions,positive,pride,5,Complete Python Programming Bootcamp
438,8-25-2023 00:00,peyton_taylor37,the python basics section was pythonic perfection! the code examples were clean and pep-8 compliant.,Python Basics,positive,satisfaction,4,Complete Python Programming Bootcamp
440,7-22-2023 00:00,jordan_gonzalez66,I finally understand File Handling thanks to this course. The project-based approach really cemented my learning. The Jupyter notebook exercises were incredibly helpful.,File Handling,positive,satisfaction,4,Complete Python Programming Bootcamp
441,5-22-2023 00:00,casey_brown75,Poor Functions section. The pandas section assumed too much prior knowledge.,Functions,negative,anger,1,Complete Python Programming Bootcamp
443,11-4-2023 00:00,finley_jones72,excellent pandas coverage! i've already automated tasks at work using these techniques.,Pandas,positive,satisfaction,5,Complete Python Programming Bootcamp
444,12-6-2023 00:00,elliott_jackson19,Poor Pandas section. The Jupyter notebooks had broken cells that wouldn't run.,Pandas,negative,frustration,1,Complete Python Programming Bootcamp
445,4-23-2023 00:00,riley_williams19,Poor NumPy section. The instructor's coding style violated PEP-8 guidelines.,NumPy,negative,confusion,1,Complete Python Programming Bootcamp
446,1-9-2023 00:00,hayden_davis53,NumPy was satisfactory. The course covered the basics but didn't go deep enough.,NumPy,neutral,indifference,3,Complete Python Programming Bootcamp
447,6-15-2023 00:00,quinn_brown49,"For a Python course, the Functions section was surprisingly weak. The instructor's coding style violated PEP-8 guidelines. The error handling examples didn't cover common real-world cases.",Functions,negative,anger,2,Complete Python Programming Bootcamp
449,2-16-2023 00:00,riley_hernandez74,Generators was explained with such clarity. I've already automated tasks at work using these techniques.,Generators,positive,pride,5,Complete Python Programming Bootcamp
450,7-21-2023 00:00,hayden_martin89,Poor Pandas section. The pandas section assumed too much prior knowledge.,Pandas,negative,boredom,1,Complete Python Programming Bootcamp
451,11-12-2023 00:00,taylor_gonzalez85,excellent list comprehensions coverage! the instructor's python style is impeccable.,List Comprehensions,positive,excitement,4,Complete Python Programming Bootcamp
454,10-9-2023 00:00,quinn_thomas47,excellent object-oriented programming coverage! the instructor's python style is impeccable.,Object-Oriented Programming,positive,gratitude,3,Complete Python Programming Bootcamp
455,12-26-2023 00:00,morgan_rodriguez32,"Poor Python Basics section. Too much time spent on basic syntax, not enough on applications.",Python Basics,negative,frustration,1,Complete Python Programming Bootcamp
456,3-30-2023 00:00,rowan_moore15,"The File Handling lectures were disorganized and frustrating. Too much time spent on basic syntax, not enough on applications.!!",File Handling,negative,disappointment,2,Complete Python Programming Bootcamp
457,5-30-2023 00:00,jordan_thomas45,Poor NumPy section. The web scraping module used deprecated libraries.,NumPy,negative,confusion,1,Complete Python Programming Bootcamp
458,8-15-2023 00:00,emery_martin80,Functions was explained with such clarity. The Jupyter notebook exercises were incredibly helpful.,Functions,positive,pride,5,Complete Python Programming Bootcamp
459,2-16-2023 00:00,taylor_thomas48,The NumPy section met basic expectations. Good foundation but needs more practical applications.,NumPy,neutral,indifference,3,Complete Python Programming Bootcamp
460,5-27-2023 00:00,hayden_jones35,The Generators lectures were disorganized and frustrating. The error handling examples didn't cover common real-world cases.,Generators,negative,anger,1,Complete Python Programming Bootcamp
461,9-23-2023 00:00,riley_taylor53,the modules & packages coverage was unpythonic and confusing. the error handling examples didn't cover common real-world cases.,Modules & Packages,negative,anger,2,Complete Python Programming Bootcamp
463,1-25-2023 00:00,taylor_jackson37,The Object-Oriented Programming module was worth the price of the course alone. The project-based approach really cemented my learning.,Object-Oriented Programming,positive,excitement,3,Complete Python Programming Bootcamp
464,4-13-2023 00:00,elliott_brown42,the pandas section was pythonic perfection! the oop analogies made abstract concepts concrete.,Pandas,positive,gratitude,5,Complete Python Programming Bootcamp
465,5-31-2023 00:00,hayden_jackson93,file handling was taught competently but without inspiration. i expected more advanced applications of the concepts. the course covered the basics but didn't go deep enough.,File Handling,neutral,balance,3,Complete Python Programming Bootcamp
466,11-21-2023 00:00,finley_brown94,Poor Error Handling section. The pandas section assumed too much prior knowledge.,Error Handling,negative,frustration,2,Complete Python Programming Bootcamp
469,12-2-2023 00:00,rowan_moore15,I finally understand Modules & Packages thanks to this course. I loved how they used real-world datasets for Pandas examples.,Modules & Packages,positive,hope,4,Complete Python Programming Bootcamp
471,4-17-2023 00:00,charlie_lopez68,Poor Object-Oriented Programming section. The Jupyter notebooks had broken cells that wouldn't run.,Object-Oriented Programming,negative,disappointment,2,Complete Python Programming Bootcamp
473,2-7-2023 00:00,emerson_martinez44,Poor Generators section. The instructor's coding style violated PEP-8 guidelines.,Generators,negative,confusion,1,Complete Python Programming Bootcamp
474,10-9-2023 00:00,avery_thomas59,Functions was satisfactory. Good foundation but needs more practical applications.,Functions,neutral,uncertainty,3,Complete Python Programming Bootcamp
475,3-20-2023 00:00,charlie_williams28,"poor object-oriented programming section. too much time spent on basic syntax, not enough on applications.",Object-Oriented Programming,negative,disappointment,2,Complete Python Programming Bootcamp
476,7-27-2023 00:00,alex_rodriguez50,Pandas was explained with such clarity. I loved how they used real-world datasets for Pandas examples.,Pandas,positive,gratitude,5,Complete Python Programming Bootcamp
477,5-31-2023 00:00,charlie_lopez27,I finally understand Error Handling thanks to this course. The project-based approach really cemented my learning. I've already automated tasks at work using these techniques.,Error Handling,positive,excitement,4,Complete Python Programming Bootcamp
478,7-16-2023 00:00,dakota_williams27,"After struggling with Error Handling for weeks, these lessons made it click. The project-based approach really cemented my learning. The project-based approach really cemented my learning.",Error Handling,positive,pride,5,Complete Python Programming Bootcamp
480,9-8-2023 00:00,peyton_taylor37,The NumPy section was Pythonic perfection! The instructor's Python style is impeccable.,NumPy,positive,hope,4,Complete Python Programming Bootcamp
481,2-11-2023 00:00,river_jackson42,excellent pandas coverage! the jupyter notebook exercises were incredibly helpful.,Pandas,positive,satisfaction,5,Complete Python Programming Bootcamp
482,3-4-2023 00:00,hayden_rodriguez28,NumPy was explained with such clarity. The instructor's Python style is impeccable.,NumPy,positive,hope,4,Complete Python Programming Bootcamp
486,5-13-2023 00:00,elliott_martinez87,Excellent Error Handling coverage! I've already automated tasks at work using these techniques.,Error Handling,positive,gratitude,5,Complete Python Programming Bootcamp
487,6-4-2023 00:00,jamie_anderson69,"The Object-Oriented Programming lectures were disorganized and frustrating. Too much time spent on basic syntax, not enough on applications.",Object-Oriented Programming,negative,disappointment,1,Complete Python Programming Bootcamp
488,9-23-2023 00:00,emerson_williams29,Excellent Web Scraping coverage! I loved how they used real-world datasets for Pandas examples.,Web Scraping,positive,gratitude,5,Complete Python Programming Bootcamp
489,4-9-2023 00:00,emerson_jackson54,the error handling section was pythonic perfection! the code examples were clean and pep-8 compliant.!!,Error Handling,positive,satisfaction,5,Complete Python Programming Bootcamp
490,1-22-2023 00:00,elliott_garcia69,list comprehensions was explained with such clarity. i loved how they used real-world datasets for pandas examples.,List Comprehensions,positive,hope,5,Complete Python Programming Bootcamp
492,10-11-2023 00:00,avery_brown82,"After struggling with Functions for weeks, these lessons made it click. I loved how they used real-world datasets for Pandas examples.",Functions,positive,hope,5,Complete Python Programming Bootcamp
493,2-4-2023 00:00,river_hernandez56,NumPy was taught competently but without inspiration. The course covered the basics but didn't go deep enough. The content was good but the exercises were too simplistic.,NumPy,neutral,reservation,3,Complete Python Programming Bootcamp
494,12-9-2023 00:00,river_lopez89,The Object-Oriented Programming material had me hitting Stack Overflow constantly. The Jupyter notebooks had broken cells that wouldn't run. The web scraping module used deprecated libraries.,Object-Oriented Programming,negative,boredom,2,Complete Python Programming Bootcamp
496,8-20-2023 00:00,alex_moore28,"poor matplotlib section. too much time spent on basic syntax, not enough on applications.",Matplotlib,negative,frustration,2,Complete Python Programming Bootcamp
497,1-10-2023 00:00,hayden_davis71,I finally understand Python Basics thanks to this course. The code examples were clean and PEP-8 compliant. The Jupyter notebook exercises were incredibly helpful....,Python Basics,positive,pride,5,Complete Python Programming Bootcamp
498,6-7-2023 00:00,dakota_thomas68,Excellent File Handling coverage! The code examples were clean and PEP-8 compliant.,File Handling,positive,gratitude,5,Complete Python Programming Bootcamp
499,7-3-2023 00:00,alex_brown13,"For a Python course, the Error Handling section was surprisingly weak. The web scraping module used deprecated libraries.",Error Handling,negative,disappointment,1,Complete Python Programming Bootcamp
500,5-1-2023 00:00,hayden_wilson78,The Matplotlib section was Pythonic perfection! The Jupyter notebook exercises were incredibly helpful.,Matplotlib,positive,pride,5,Complete Python Programming Bootcamp
501,8-20-2023 00:00,morgan_rodriguez32,"poor file handling section. too much time spent on basic syntax, not enough on applications.",File Handling,negative,anger,2,Complete Python Programming Bootcamp
502,11-26-2023 00:00,hayden_davis71,Object-Oriented Programming was explained with such clarity. I loved how they used real-world datasets for Pandas examples. The OOP analogies made abstract concepts concrete.,Object-Oriented Programming,positive,satisfaction,3,Complete Python Programming Bootcamp
503,7-11-2023 00:00,jamie_anderson69,The Object-Oriented Programming module was worth the price of the course alone. I loved how they used real-world datasets for Pandas examples. I loved how they used real-world datasets for Pandas examples.!!,Object-Oriented Programming,positive,gratitude,4,Complete Python Programming Bootcamp
504,8-20-2023 00:00,morgan_rodriguez32,"poor pandas section. too much time spent on basic syntax, not enough on applications.!!",Pandas,negative,confusion,1,Complete Python Programming Bootcamp
505,2-28-2023 00:00,elliott_smith19,decorators was satisfactory. some modules were great while others needed improvement.,Decorators,neutral,uncertainty,3,Complete Python Programming Bootcamp
507,9-21-2023 00:00,dakota_williams20,I finally understand Python Basics thanks to this course. I've already automated tasks at work using these techniques.,Python Basics,positive,pride,5,Complete Python Programming Bootcamp
508,9-19-2023 00:00,quinn_lopez86,Excellent Object-Oriented Programming coverage! I loved how they used real-world datasets for Pandas examples.,Object-Oriented Programming,positive,gratitude,5,Complete Python Programming Bootcamp
511,6-14-2023 00:00,hayden_rodriguez28,I finally understand Python Basics thanks to this course. The project-based approach really cemented my learning.,Python Basics,positive,hope,5,Complete Python Programming Bootcamp
512,12-30-2023 00:00,jordan_thomas45,The File Handling module was worth the price of the course alone. The OOP analogies made abstract concepts concrete.!!,File Handling,positive,excitement,4,Complete Python Programming Bootcamp
513,4-15-2023 00:00,finley_anderson66,I finally understand Web Scraping thanks to this course. The project-based approach really cemented my learning.,Web Scraping,positive,pride,5,Complete Python Programming Bootcamp
516,10-17-2023 00:00,riley_taylor53,I finally understand Pandas thanks to this course. The project-based approach really cemented my learning.,Pandas,positive,pride,5,Complete Python Programming Bootcamp
518,2-6-2023 00:00,morgan_anderson53,"the list comprehensions material was okay, but i've seen better. the course covered the basics but didn't go deep enough.",List Comprehensions,neutral,uncertainty,3,Complete Python Programming Bootcamp
520,4-9-2023 00:00,hayden_davis71,The Python Basics module was worth the price of the course alone. The project-based approach really cemented my learning. The project-based approach really cemented my learning.,Python Basics,positive,gratitude,5,Complete Python Programming Bootcamp
